x1,x2,x3,y
-1.0,-0.6963847225948021,0.263294187723383,2.47432482291916
0.3923633643221067,0.28099288776344444,-0.04858435361385616,1.6015324178429646
0.17354521832114722,-1.0,-0.4713004762912354,-0.4709032745359391
-0.05821164192364914,-0.6083149287159504,-0.3823306387646275,0.3929326764192792
1.0,-0.24863114954288967,-0.5312437872272784,4.682623706596802
0.23368957142726932,-0.32331533132766044,1.0,-2.4772582547997657
0.6640133768343683,1.0,-0.8135723095881207,13.868611310897563
-1.0,-0.9741167609922281,1.0,21.702655679576743
-0.532323468401326,0.23394830781578047,-1.0,-1.0401365256257875
0.3146151704939848,-1.0,0.46346498657103474,1.0777102047351965
-0.7656086946681557,-0.17602420579596978,-0.06673075209954771,-0.23021404469396178
-1.0,0.1574528235305035,-0.5722180246239679,-0.7592612754412352
-1.0,-0.5227012538022493,-0.7205922463881502,1.4034882013088295
-0.05423696210186302,0.9948772177335665,-0.3197771950990267,9.001104884151754
-0.20196301740410028,1.0,-1.0,2.133772210177363
0.1370271382923407,0.645793619734029,-0.15235795951943287,1.3453092418588968
0.01859654961261681,-1.0,-0.7757634292691247,-6.463753950131238
0.47393553249362164,-0.07053479271432139,0.34135298911556955,1.1979798524690046
-0.475642544214504,1.0,0.20718123554987766,4.548278798400886
0.7497153225254334,0.47117814507436484,1.0,8.20172162331726
-0.4793609537723147,-0.6991948163770385,-0.2011901635791944,2.3646356489766047
0.8351741713819605,0.5160525860201246,0.09051838050078098,3.1381239642375194
0.4362791938740729,-0.8909789776006645,0.6235533607551773,0.03069343761216021
-0.4972785245757756,-0.007224969578282003,0.6262717672489084,-0.022603727178435118
-0.27136963567157646,1.0,0.7729044364057329,10.489238609874763
0.42781986095926494,-0.5081279276282429,0.332281087356334,0.7051806136797061
0.4851370492250404,0.6988813807541738,-0.9010480971373851,-0.6771825926265759
-0.5876445831977262,0.5355480263611998,0.8850708642825504,1.3258863958895752
0.4088735942376496,0.40960942023650326,0.04435214882416805,0.9336781085867143
0.656982623968277,-0.12357070659984992,-0.12826622924650533,1.6308346223984052
0.08636984911720269,0.9370416928264469,-0.6453879093898129,6.609488999925831
0.5444171630061079,-1.0,-0.022353090964485123,-0.5554788727223195
-0.5718081654667417,-0.035627894766533164,0.6584719026114363,-0.1366392481814157
0.1795673713478163,-1.0,-0.442053460656769,0.7219185618973456
1.0,-1.0,1.0,-9.809392680727726
1.0,1.0,-0.9226476026711687,35.34965391280073
-0.28057158853670194,-0.05652764302191726,-0.24544256662020691,0.5741415684586594
0.6407893041048209,-0.6285989214496202,-0.9876293746794431,-7.915664382542174
1.0,-0.7552201304609896,0.5048648308489017,2.7679316153936364
0.62097692569801,0.9541256342560565,-0.8067830093745738,9.017926196755369
-0.9319998771876215,-1.0,0.7195390661664356,11.169908107233164
1.0,-1.0,0.364864599948705,-7.252426281301846
-0.17055827658234368,-0.2605883207212434,0.2779174939284432,0.2003139518346805
-0.2501942253340139,1.0,0.017834088264198744,6.90928473923219
0.0016146834165802204,0.05706097613933636,-0.011018531497538842,0.9202866461102521
-0.6022406696503027,-0.29345356388177235,0.2713098421093323,0.14197383583698236
-0.9047953401530084,-0.26946458016065855,1.0,4.161965571892026
0.22481259566332024,0.6416976303688282,0.5450843143116566,1.6271878879670776
-1.0,0.43848420298979995,-0.037692893727833354,-3.248138615500227
0.2694212156784064,1.0,-0.005723654420779267,8.486111143314485
-1.0,0.6063635278458124,0.8910428361498677,0.3388780162960999
1.0,1.0,-0.3258698357248613,18.584726315907588
-0.8632257743221323,0.8185784235902687,0.28730802516490317,-1.5209577421948322
-0.22235942171328693,-0.5438844714961777,-0.15591336635400754,1.5003728396024774
0.4301244873245724,-0.3984224465532722,-0.04722248326168055,1.630925318145342
-1.0,-0.11645483146807334,-0.23746088950370292,-3.351773851287467
0.5500154572716696,0.8242465578383247,1.0,7.861904468104491
0.023568963405946386,-0.9593327067689652,0.32587330252852653,1.0670534418101876
0.1895202348827496,-0.3076440355996819,-1.0,-5.056507795878019
-1.0,-0.47471016790885523,0.17497947996411423,-2.5083432244938386
0.10818980528342115,0.004954149849424994,-0.23068782465431248,1.5230398630906483
0.5621942559436368,-0.7759078920670675,-0.7770573873222655,-1.73316739971097
0.8497981663726448,-0.7164749099437957,0.25803353098966353,0.5635501005459398
-0.5525654154837847,0.8135765244445432,0.31502941353750336,0.16006507334223677
0.9337907424640679,0.36616965804439916,0.5369877734681354,7.416960725518934
-1.0,0.35426442664536384,-0.4498638689790717,-1.1891579064094269
-0.47945063433391444,0.5784877072706565,-0.1874855175339345,-1.676692996192774
-0.1729460820003217,0.7298073184394618,0.06743816082732934,-0.351634250381641
0.4837762148363336,-0.6288913665184954,-0.6570776228041364,0.7420521418638246
-0.17643968551890588,-1.0,-0.221588390350695,3.369242771690688
1.0,-0.1394630751858683,1.0,9.875678389568222
-0.5083631893897478,1.0,0.006608752167594156,5.8569886677125735
0.5780344307112832,0.17623971339371303,0.7107127499204653,0.9035693006629978
-0.5917459139041348,0.547180043733505,-0.6490621551363678,-1.7191730719778653
1.0,0.9298322083371842,0.6195109140283961,14.640265704547375
-1.0,-0.3500507790989007,-0.7050785953669099,0.420903219203886
-0.6434313965057552,1.0,-0.8756329587408427,1.090927650615729
0.7275317699484674,-0.3921075321931422,-1.0,-4.289710370933165
-1.0,1.0,1.0,16.595394266769986
0.9459805322848238,-0.32942420566294617,-0.7330915365669772,4.5942526098166665
-0.09231480869915476,-0.4542969988371288,1.0,-2.2398742513432026
0.2828841466342349,-0.44395401381019406,0.7100170736942482,-0.3530209089017869
1.0,-0.21085618229150604,0.12935242793364665,4.774264534966127
1.0,-0.3299644015280483,-0.4877801449666217,4.06079240518871
0.1443236524488143,-0.9288285432262746,-1.0,-14.973441866658256
1.0,0.9904595781318706,0.7436739781842645,17.78851430435219
-0.6829149405616415,-0.05023295283340312,-0.3820112341123647,-0.09794429606757166
1.0,-0.5548912431955528,-0.9066680964808618,3.2710479565920276
0.7054157726503154,0.5250552474835848,-0.9913834868427156,-0.3439004561044196
1.0,-0.10290301720800032,-1.0,7.1620836495265285
-0.43660194818988285,-0.04267595196903606,0.7216220004113632,-0.7242394704721464
0.7645861075457043,-0.40163373404038927,-0.07171002270113624,1.818670889041088
0.7740825986294673,-1.0,0.0968694273574553,-3.1322856610126513
-1.0,0.5163592532384746,-0.23307414337027654,-1.7527359481127887
-0.5685097203001965,0.4404882459655346,-0.4537999512211479,-1.1115930767201845
-0.7219034419797445,-0.6527141845680065,0.07944962736441008,1.5894705601339711
1.0,-0.2880683052186608,-0.45154861878355557,4.884569999341262
-0.1256040034680721,-0.5168661423952654,0.06379198001449238,0.45335165817374345
0.18170711052908106,-0.5921485227333645,-0.3889860001778258,1.2915977425376917
0.9105792211982666,1.0,-0.1250406333186782,11.525355787146808
-0.3658424988884854,1.0,-0.18627216371746558,6.760170114035634
-1.0,-1.0,-1.0,2.861123332542281
0.6996785833777583,0.4757604464260403,-0.3847651110976118,0.8524951265952653
1.0,0.1589933124930205,-0.8384719668773204,7.85940211833362
0.8079499901222282,-0.7873723315351322,0.2250152953960307,0.5568539885162368
-1.0,-0.04883654014158023,0.7362649976710534,-2.305632002299009
-0.07723371600634321,0.8562477177826036,0.6356520036170568,4.9213632513834575
-1.0,-0.3446639446740807,1.0,6.477360745599533
0.007638220654976324,-0.04936499183855547,0.21160053783333055,-0.5978278440576134
-0.28245593038012107,-0.16023583996008917,-0.5859862438283876,0.7246412094816826
-0.49001308901200713,1.0,0.029590873005181706,4.9825720725957865
-0.005907876607506468,-0.9383470374462781,-0.30700353166565675,2.4643316865567844
-1.0,0.756549610575848,-0.8676047675737448,11.580999875695131
0.786121516519537,-0.544250188592214,-1.0,-6.306294487279709
0.4326649405678533,1.0,0.2729822478341126,6.887199215965617
0.3582011569223571,-0.37591030735251274,-1.0,-5.319812853655968
-1.0,-0.6984072030493154,-1.0,4.857998955945161
0.05700493058502931,-0.5791351133994664,-0.3506542160975865,1.527540976301407
0.6913460280758885,0.26587397638107113,-1.0,-0.9418757712227639
-0.35336117476753537,0.05272701908880739,-1.0,-1.591593823775968
1.0,-1.0,0.6249351831812526,-6.215291074961181
0.013866380160536096,-1.0,1.0,-7.099796048490878
-1.0,-0.6445473639933372,0.46692893333106045,3.1825811117491494
-1.0,-0.18265535146498668,-0.6164498803322265,-0.4983354566173378
-0.6402305592424311,1.0,-0.5597351203614691,3.427126777239346
0.4629484522145473,-0.9169151075268205,0.6295056964611143,-0.9280187932985656
-0.6258648923545111,0.6320860449635761,0.30740755676351594,-2.119110079515125
-1.0,0.9292195889352202,1.0,15.383254496435757
-0.8176744079800351,0.5800711748662244,-0.3771436496423872,-1.9944261749970882
0.7849531765540978,1.0,0.7205074056801282,9.567995686627993
-0.1679303801294847,-0.09144601703674238,-0.5500633489431084,0.060406505704342583
0.9777447688803116,0.9667965647971404,1.0,24.52712465580472
0.47714126626195874,-0.2577528217939977,-0.7423520965446853,1.3752678911378244
-0.7184650938645851,1.0,0.3368273471117178,3.308231688905335
-0.07624080708978553,-0.2424690727173886,1.0,-1.2982717637293513
0.9205322381753112,-0.44322716777873095,0.712024625955308,3.1303209431326153
-1.0,-1.0,0.926531520952115,20.223971327557233
0.16513821374195148,-0.696946184221451,0.4579806041330272,0.44822328345617635
-0.3932903260510543,0.5218806864888659,0.4212545887388599,-0.6890383210887578
0.9433877360247593,-1.0,-1.0,-28.83773690735911
0.6049729330156968,0.5640467354045897,-0.12151478470612065,0.865520088524576
0.4578975282246416,0.4083409402688398,-0.42316980780914304,1.1892939724656195
-0.6034167175687553,-0.6697125638497332,0.7869066758137384,1.4859318146353595
-0.41507683503463166,-0.13354714281978697,0.954763570779541,0.5861862464925794
-0.7847405674886698,0.29560380895143146,0.45886466142265014,-2.369237180704494
0.3351156024101001,1.0,1.0,10.642966428040216
0.9483950456117669,-1.0,1.0,-8.500855825464557
-1.0,0.03730186609319852,0.891568163420764,0.39380866658431024
1.0,-1.0,1.0,-8.899764985975066
-1.0,-0.5544489841997158,-0.008309508809820398,-1.7736504915345557
1.0,-0.956702107429765,-0.8231451973074657,-12.511699062613248
0.7730060522867606,1.0,-1.0,14.782865167717203
-0.6493192965476107,0.9069083967927911,0.49262783549494626,1.4010820815822813
0.6848550316879571,-0.005146839876758236,0.3275396773941519,2.789505262409605
-1.0,0.8462772601289972,-0.021079417926153754,1.1113029068947435
0.9401091567562705,0.1949477631120542,-0.9886299545536745,6.093347976393031
1.0,-0.5262374490756472,-1.0,0.8337745983615279
-1.0,-0.025741592864707785,0.6985165088673877,-2.9301961288707075
-0.4247443911292459,-0.678522495425814,0.9527262750883703,-0.3092200709356986
0.6239648083333087,-1.0,-0.008580019793382299,-0.9145442766004355
-1.0,-0.9541272634628379,-1.0,3.3775533766318224
0.727058373970892,-0.9953346525990427,-0.18755554047095213,-3.3946199528619783
-1.0,0.5551108036106995,-0.8484477337736429,8.541257352692268
-0.20062142539824235,-0.6652143401528399,-0.004532563969156689,1.1351768641814308
0.734102913760003,-0.07449846021461237,-0.09045065103803118,1.7443121562482817
0.15297809600657364,0.959780134003331,-1.0,2.5837444341717877
0.3942923528798221,-1.0,-0.3583254473185373,-0.3906715142048166
0.6257401545393833,0.7106050642326815,0.19858163707992915,1.966193897942119
-0.11852774802726795,-0.17281486117620082,-0.23641359369330006,0.2255820109811082
0.4902818913033389,0.5525971934871339,-0.9993309479056827,-1.9560493040869018
-0.23804449022521945,-0.44123194187852866,-1.0,-3.914584831654472
0.9099657891642996,-0.9656938084404993,-0.7039374115963195,-9.007656513661846
0.05040328980372366,0.8663005804484594,0.351022591306859,2.965879092403296
1.0,-0.04320934843351654,0.2698550090500804,5.663020308775687
-1.0,-0.22965627943298683,0.5282951485054626,-2.1371671719984713
-0.9104611856490548,0.5517204878361333,1.0,4.964026466937734
-0.7653130678714108,1.0,0.49316041201466687,3.2749822203516543
-0.325351992918572,-0.6889135631531882,0.06278636352737732,0.7563194521141844
0.7450903023624713,1.0,0.06483946408289465,8.911226320031584
1.0,-0.0569794197677751,-0.7991377886679876,6.973128563022583
1.0,-0.4948061133624013,0.7457081675086923,5.7886407960108155
0.2651279286070085,1.0,-0.4482213983407046,10.449702015549633
0.5651423143483145,-0.4269870804537481,-1.0,-5.734629923839625
1.0,0.4905580001245815,-1.0,13.37888932325918
1.0,1.0,1.0,25.684054255417205
-0.6107854611139703,0.006325926024621342,-1.0,1.4586965362682347
-0.004806588053811733,0.02484943592998734,1.0,0.16605738135946516
-0.6869177351403573,-0.7678981398134279,0.7878171297300545,3.6925121253841366
-0.02960733652541303,0.36468852614033187,-0.45899204656213444,0.28888423159928445
-0.383238741062937,-0.15635021204850874,-0.18855647661956,0.3370919652201162
0.3260374941357509,-1.0,-1.0,-19.443671814806123
-0.24804270283158525,-0.389942738093068,1.0,0.6741552132289664
1.0,-0.12744279079450815,0.048472597938874706,4.262358195742651
-0.8271738021737596,0.14104431511531113,-0.5823415465730344,0.12122204460569891
0.17966645819265636,0.37180345754310307,-0.042015657197421064,1.0497607792736865
1.0,0.8640028405597622,-1.0,23.754359589537007
0.4134820134788346,0.8681546101237123,-0.2921795051601399,3.24096603522056
0.7566804323887348,-0.6042901108426293,0.2977450021000765,1.4792062551678864
-0.7230913667918777,0.7125174771481793,-0.8846246153245279,-0.9838471817364105
0.732303735983999,0.19348434357530442,-0.5632618604062252,1.7733031550510334
0.5923439786137383,0.9787671534947304,1.0,10.024091971144825
1.0,-0.8058021290511559,1.0,-0.6290463303414044
-1.0,-0.6430425356157341,1.0,11.91520523932858
-0.35953075555051517,-0.08873954486544533,0.9504020363080252,0.8001064717015853
-1.0,1.0,0.8993627146764458,7.0021063898921
-0.3531377867064105,-0.80297308081826,-0.7151853970095989,-1.200344127569478
-0.9482204804589336,0.7363123733847772,-1.0,12.736966109090687
-0.26109467253630014,-0.8798797089340273,-0.7461642059604983,-1.8000555341118138
-0.1955240058903407,-1.0,-1.0,-15.229055758378365
0.9817841478164961,1.0,-0.2352452191738117,15.756727019642005
-0.059296710769298544,0.356359077541166,-1.0,-3.577682251133278
-0.9776455008619516,0.5434920236665004,-1.0,16.38137897998038
-0.18547981724308205,1.0,1.0,14.419922088661636
-1.0,-0.19655991246653404,-0.3510747381780368,-2.9308612102865954
0.738762062971702,-0.18985345455498615,-0.31484959268955603,1.7140452304957852
-1.0,1.0,0.519389257313075,0.5749161696034909
0.4600623577372853,-0.9762600310133283,-0.4859947022838882,-1.0816959658481688
-1.0,-1.0,1.0,21.900601633756356
0.2300398901959666,0.13525491803459366,-1.0,-3.0576240422801932
-0.7009244371217282,0.6894771058624523,0.2605364508534138,-2.885210800121503
1.0,0.12333878829304834,1.0,14.714337141964382
-0.8082293966687666,0.6772837176968773,0.7834552865541984,-0.4163147023808262
-0.8625538528578138,0.8275242337863127,-0.5528096116478056,-0.06239806565309558
0.03324133779390248,-0.6081299644392022,0.3197197638134728,0.9629626182294511
-0.5825172244222689,0.05171368975219082,-0.10309989956397514,-0.0021771164517369046
0.07828453299128135,0.5371914668356534,-0.9087354369396416,-0.8291505273501506
-0.16925616386078057,1.0,0.09288429934387654,6.806153972751491
-0.6315546894219153,1.0,0.8090628105607003,8.371709904631306
-0.125692158783955,0.261832551748739,-0.7799948182910716,-0.8619207557708295
1.0,-0.7729517891305808,-0.8092842293459583,1.34352918793557
-0.8066574084531326,-0.7149890445980822,-0.40047041262368,3.0127747265052256
0.9213469109388295,0.05249722407159063,0.0008055636095749552,3.318877886728235
-0.008342572949856075,0.23273393006339238,0.7835368947067964,-0.3176659009508294
-1.0,-1.0,0.08128390364407267,8.139652198298794
-1.0,0.32524214533831963,-0.28182466724145105,-3.311364149088818
-1.0,-0.07090187578564588,1.0,4.162543506744832
-0.328655272551873,-0.4268458170203535,-0.5507960175346791,0.7715874185289797
-0.333768509441162,-1.0,-1.0,-14.42420161078865
0.6780195514446992,-0.2917195193828088,-0.452494266530316,1.2510227489798091
-1.0,0.5996258805441483,-0.1928438664234855,-1.149522974067846
1.0,0.00820772962022498,0.08650698772764454,6.2816259469500775
-0.6331268174297835,-0.7385144093885256,1.0,2.656918854168364
0.0009796159458628217,-1.0,0.5813703954030922,0.5728337059283801
1.0,-0.7120883933339399,0.05769104938564373,1.9810163974428818
0.30645359145114415,-0.45316933365542855,0.018343471614058027,0.7620835335597171
-1.0,0.4741037676556803,-0.33936049584174444,-1.5184385315873223
0.7714203230672925,-1.0,0.011031012910416305,-3.6607580262650954
0.3453839768536222,-0.17112452360813402,1.0,-1.4799611698024353
0.8180597345720964,0.7640880083985193,-0.5606386780073558,3.8704513766053608
-1.0,-0.14562856944046532,-0.32658077401986074,-3.143452988047855
0.07986194022649662,0.33108098689135823,-1.0,-3.4835513462309637
1.0,0.05871266643555706,0.19161530163514673,5.381210748568891
0.8469041455304358,-1.0,0.8981255602452627,-5.550035205913032
1.0,-0.9803290536322138,1.0,-7.778841749211195
0.13945195498450458,-0.3503801208885602,0.30710800974344865,1.6576987959895257
0.6392673067016235,1.0,-1.0,9.760192091786402
0.9673185155175947,-0.23896979639035476,0.8551909121151022,6.434050033775889
-1.0,0.5078132958128634,0.3905044284463155,-4.279372407081054
0.03815779496456306,0.017403408964180356,1.0,0.6066968901806986
-0.6486624730821438,-0.6613820140743618,1.0,2.2313974102653558
1.0,-0.7087345371753462,1.0,2.0065654107122994
-0.924129335015982,-0.22903579055614665,0.12382828372977883,-2.0201226903061578
0.3228776502070365,-0.624276991994889,0.2092489209566668,1.1571299148992944
-0.30440756196811525,0.6983890018292922,0.4136390993144592,-0.3640887537740033
0.26869337917903846,0.9350917248519406,0.7703712117552042,6.550245571034125
-0.46447117593114906,0.07427642632225284,0.33032957883327163,-0.07373835652870109
-0.5866409278047175,0.7792624710816289,0.3905554356103922,-0.6914575381844535
-0.16581322249133268,0.11258710208307754,-0.9747865829180924,-2.87079911434604
-0.18869681033222885,-1.0,-0.04171788965186307,3.401968033494981
-0.25284727151738773,1.0,-0.5677273809559731,8.151665709163378
0.38045336580387024,0.3586388078927587,1.0,2.4236082124103153
-0.1442892628371264,0.40956463459218173,1.0,2.2844565531561676
-0.4473287809591806,0.41239343474372014,-0.7314986994292667,-1.1672884490864626
0.7197231266112352,0.02216963687550666,-0.8767634843931627,1.0034371139128604
0.3067284501842813,-0.8168411750883127,0.046364081332590734,1.1180983674519633
-0.533798382436176,-0.8611190586259727,1.0,-0.33722015845933906
0.8304589483127067,0.6554180877126039,0.38664684411498373,4.440869667766554
0.8693162062975728,0.8081420249784339,-0.18467503092435056,4.285576079512837
-0.21790873140795752,1.0,-0.30199229206060885,8.349149970945987
-1.0,-0.958166889616556,-0.5790820139867257,4.966502772608562
-0.36284055882514776,-0.3570555570918261,1.0,0.36349816111824373
0.6469871327637089,0.7486709439335215,0.547176874798194,3.5084913151461383
0.9534355098215761,-0.7486080547410172,-0.06505482710039501,0.4151748267949146
0.410129370749688,0.3432849212255835,0.9531767773110449,0.7970072865169344
-0.9316481348201722,0.30749008220465135,-0.06593747853439424,-3.319717352025044
-0.7487280280946889,-0.7783766315502121,0.12113709026436337,2.529605376173494
0.7296327240635176,-1.0,1.0,-6.794922903873616
0.03909528589882738,-0.16798841729841607,0.3075013615323028,1.1648683038491208
-1.0,-0.2215308082942402,-0.10013558813936307,-3.221283343271858
-1.0,-1.0,-0.10138081909838159,7.374142642844836
0.44504373250842866,0.47100216409477214,-1.0,-3.3239401006260234
-0.08575623854784054,-1.0,1.0,-6.272158801000035
-1.0,-0.744363826937354,-1.0,4.7218834647703005
0.5605080534627844,0.41855310343502583,-1.0,-1.9295216955608598
-1.0,0.4545657032086392,1.0,4.2472532177682325
-0.1956749576971255,0.2368408007319227,-1.0,-3.0814521036463196
1.0,-0.010553911960285989,0.11166625542950648,5.16786830002433
0.12284525354559528,0.16822874241159202,-0.8835333120174094,-0.3729236986505218
-0.5137955455856296,1.0,1.0,15.143614926909937
1.0,-0.027908369660717636,-0.7041455550027425,6.825589979838134
0.5050701307635366,-0.8840822535279189,-1.0,-14.80437459370394
0.5138770559637198,0.8759094759989419,-0.45293200940017186,4.493316074647156
-1.0,-0.8205128189005173,0.4332161199621203,6.554929856458811
-0.5816360328831967,-1.0,-0.7960241880946979,-3.572305033962415
-0.9123207033111809,-0.5565183669162452,1.0,7.136795342054683
-0.7130405353671505,-0.08479395470292306,0.0897940024568884,-0.6474119795181728
0.5250323910760761,-0.5320670845871023,1.0,-3.307649470643814
-0.9103296629743565,1.0,0.8181599753783151,4.549530077325945
-0.2601462731247417,-0.25572125031519044,-1.0,-3.050277885270666
0.48867644574086766,-0.9913704012989613,-0.16255925066130805,0.0307026365503238
1.0,-0.38055293354472663,-0.9568309486552247,4.832297164123708
1.0,0.9469680835347387,-0.8958688893721163,25.60933769475059
-0.9422785967014222,-1.0,-0.8571974302119891,1.6772342878147704
-0.12606475296344422,0.9106882586150937,-1.0,-0.8979531719629134
0.18352285870003882,-0.3355533383424567,0.5884348634708991,0.7881982789145221
0.7122861787429249,-0.4361392030229059,-0.09621649482604355,1.640061762594385
-0.4958929628700095,1.0,0.31031166118125597,5.741788228675206
0.17515062094849942,0.6983026792267484,-0.32105932613808874,1.6764069967923234
-0.1966915210173299,-0.7628833674080839,0.24794545052118555,1.5468920849320034
-0.7056776911306077,-0.4204843224045798,-0.5986732978277081,1.3571550072061345
-0.9033100482417866,0.5171039350214195,-0.9499059471030811,7.339322039950815
-0.8426865776847949,-0.7445182921075404,-0.1723410015274247,2.1859457426676876
-0.18074585357044626,1.0,-0.7467410062111695,7.8373606264160705
0.08395751041862276,-0.40107830293903013,1.0,-1.4244976654899486
0.05282954122331418,-1.0,-0.05023246511932067,2.340854860616501
-1.0,0.16493397365934404,0.05401628810669634,-3.9228424961489377
-0.29048599033728006,0.5364081748521219,-0.29751541828229544,-0.4452474711797973
0.8033202743705978,-0.27125019094300784,-1.0,-2.7106612045516676
1.0,0.5173429508575011,0.9226262140111916,18.99106827859995
-1.0,-1.0,0.4507154607208539,12.11255563608314
0.5922662787747779,-0.07712477888016589,0.220386742109129,2.1142962803630994
1.0,-0.5079141334864175,-0.301988025360725,3.7669863443150087
0.8288383915471202,0.43534332159559974,0.747891201609173,6.509458072598349
0.6155067051513452,-0.9376560501334854,1.0,-5.975404532726743
0.015486481157333865,0.16700339439770184,-0.44526082363020403,0.9357741437170002
-0.15534383147024933,0.35677548502367484,1.0,2.3345653840722473
1.0,-0.584129394434163,-0.33123769597491814,2.4358708463590206
-1.0,1.0,-0.033636351281678634,8.265512497467201
-0.4399547355234972,1.0,0.44706603092540886,6.047665564415827
0.1512784001169134,0.7362288022057588,-1.0,-2.999264616420376
-1.0,0.7983894009710297,0.6029710859778536,-1.7935138381732665
0.32660837079453464,-0.6023953735274696,-0.6290606372055814,1.6692942694020716
0.4869029963679903,-0.049489471628031856,0.9926291618161662,-0.9931609847666005
0.4501927498030609,-0.9526175911213155,-1.0,-17.959291794807253
-0.6818101463629558,0.8220394494381664,1.0,9.232475595298444
1.0,-0.43452989669959496,0.696186477365422,5.7417408516264725
0.8325926251392763,0.4153923907006458,0.6419479216509494,5.4741020602236965
0.20821519333246163,-0.49214555692599893,0.0416376023606968,1.2162799899644252
-1.0,1.0,-1.0,21.550323874881705
0.11114301286149386,0.4753409651079019,-0.20082690932249347,0.9772038585015531
-0.18403673610674343,-0.8772907771638725,-0.5374141450894925,0.3544806271385314
-0.05667549825230811,-1.0,0.7970939382469646,-1.928695200090186
0.6369980541626303,-0.39458471865976175,-0.1703028278189198,1.8366584497854679
0.6786205865505828,-0.6460129817640019,0.3960614380191303,0.576365323147473
-0.2867615573200153,1.0,-0.04352360162389024,7.796981333781375
-1.0,-0.3606221740143547,0.06152783466921119,-3.2674751571022234
0.6554018094766345,-0.4274019399188258,0.7435818572551132,0.7750912502205187
-0.5368549792519661,-1.0,0.5949756503389607,2.6455016412053114
0.18385783802280997,0.15656291004810696,-0.06441955080876927,0.244511047436881
0.29547687753025786,1.0,-1.0,4.801225335789928
-0.5910432959983054,-0.3540610100100203,0.11628577983425781,-0.33112763254308203
-0.8084387007268277,0.5031216854967868,0.2638111388723485,-3.7540620280382977
-0.8875641204970044,0.21338012372449522,-0.9813609027232593,8.037714876229126
0.48917643473023453,0.32141859980481,0.3642796901271408,1.3513440149709184
-0.7598560149584856,-0.15925934576251244,-0.898397071805259,2.275179046025925
0.5473367106240818,1.0,0.8001756818626553,8.34394160497497
-1.0,-0.16958084978873056,0.2540810740935415,-3.235544912021547
1.0,0.6585189297948901,0.5661054450406344,12.13458699226491
0.22984684191870186,-0.030247268656043103,-0.5359549285653302,1.1531364629410166
-0.11296545560663751,-0.23943306492103855,-1.0,-3.400072814072195
1.0,0.2385541106848761,-1.0,10.907428483639146
-0.3050113174870708,-1.0,0.10117428442662457,2.5262697985846327
-0.25428339412670287,0.5339366057402917,-1.0,-3.6288113755625826
-0.9502140959031147,-0.7039719292880546,0.17500642799045885,2.286028529842924
-0.2770251540565367,0.04602093872286206,-0.4845530078694389,0.5823708247727848
1.0,0.24647601970336508,-0.4372756503726154,4.572513042620338
0.2886901139432232,-1.0,-0.8776173490216777,-11.769802699116184
1.0,0.1399712201030936,-0.7536773083167412,7.313020826516545
1.0,-0.2994924960933334,-1.0,5.022513051735648
-0.2521244975763257,0.8861441187600461,0.046990552439366784,2.8760650398719325
-0.6152826345203015,1.0,-1.0,0.4728291375763579
0.14795061864154335,-1.0,-1.0,-17.737645594176154
-0.08016905686428388,1.0,0.7676621824312813,8.447175909294517
1.0,0.5999337569109187,-0.5577360086782357,6.016417869992985
1.0,-0.38936354460960043,-0.017582307111268847,4.033230577925678
-0.8037774180929902,-0.8452441867897986,0.5131751336775592,4.483114421782565
0.29792508224405934,0.2826993119892214,1.0,1.410398878219049
-0.3387820394838512,-0.041083801909022055,-0.05292937519563834,0.5000379639175676
-1.0,1.0,-0.2039657914075883,9.936106181365796
1.0,0.13509464095614,1.0,14.640464059780914
0.058694190750415265,1.0,-0.3861895515235989,9.617249948661888
0.17533526697043933,0.6894671902979916,1.0,6.144742185398169
-0.15057501070614232,-0.01759480684808934,1.0,-0.5195378209687148
0.25653614855571294,-0.40673356478666567,-1.0,-5.411451780483754
-0.14324503973987346,-1.0,0.7379824469317815,-1.3950895060460775
1.0,-1.0,0.0788920462530629,-8.22932535577453
0.2241986502090687,0.6192841911798397,-0.49711307423771967,0.7064470407359429
-0.7720331264239164,-0.5336800517873388,0.7411668831133704,2.2632225161728003
-1.0,0.4204399650141559,0.22717845100145828,-3.2507058075625377
0.385488516619479,0.2278237605289155,-0.6442936139839628,1.0293799076257355
1.0,-1.0,-0.7801057088488605,-17.129266293198516
0.1745923940820584,-1.0,0.42894915011981505,0.11780284057584778
-1.0,0.42536376355692407,-0.6617205397225157,2.590260239239953
-0.8681418356738451,-1.0,0.07174798382083614,7.240553491322761
-0.6817870690934749,0.4831122201802891,0.2739385573295483,-2.577354560027938
-0.5003481859201131,-0.7303874846551557,-0.03327823837054189,1.5295831429472742
1.0,0.34811639390258464,0.373872538511103,7.026553697272805
0.8701634719487812,-1.0,0.6415475127128285,-2.8709032687879086
-0.6521345621322896,0.8999960224716954,0.2726620124270178,0.7682268282801148
0.711641100737932,-0.7186011375703181,0.3783713007924203,1.6009615809794848
0.4154136426951962,0.8477975882204873,-0.5951461375057561,3.2390969774231544
-1.0,-1.0,0.7368209057636872,16.178277312555046
0.18209772618528697,-1.0,0.9079071601887323,-5.828651002003618
-0.4625221881129986,-0.2691325715641233,-0.0688760782311233,-0.593202984836813
-1.0,0.7053411881995892,-1.0,19.80357902563675
0.5702909019344771,0.5502930622041955,-0.7905313048257976,0.6977313545097932
1.0,0.8546320282623618,-0.2609598966933979,8.98688494556568
1.0,0.312965870562234,-0.7563432979510916,7.060673442782538
-0.8240372907425513,0.13460502019491627,-1.0,5.788164863352731
0.695887908740245,1.0,-1.0,11.980675037065362
1.0,0.4681620991356399,0.4044986340130312,9.01276785516705
0.5690200235856171,0.16988682367318675,-0.5790850225678759,1.5104581701294235
0.2052782875854322,-0.23467010506880692,0.6950637721164401,-0.1100043325063983
0.8491379656070779,-0.6304516755272531,-0.1662251051179957,1.376442194360437
-1.0,-0.6515597930429766,0.9182683779403169,9.657645032136802
0.25469557145855526,0.04339625038558714,-1.0,-3.3517822106185347
-0.11165652304167883,0.7313892641295348,1.0,6.304298917876933
0.7499613350374859,1.0,0.33010808618006116,7.64254313101762
0.050421167818932355,-1.0,-0.3140378080043562,1.5831544738497425
-0.14746500876514146,0.06633448813284937,0.10493880146541845,0.236190110316902
0.3305352739532297,0.08896694946510153,0.04215847533076644,1.4757552445156632
1.0,-0.394740884924617,1.0,5.654603006305331
0.06301623808691215,0.5347079474787026,-1.0,-4.197640142188862
-0.4203774731865879,1.0,0.053182067575226144,6.828923489687089
-0.4465690927323678,0.9609136428846989,0.5991804351861241,6.048667970488913
-1.0,-1.0,-0.4870803591502171,5.943495275571144
-1.0,-1.0,0.5754811564356459,13.16160102792004
-1.0,-1.0,-0.9328364468620667,2.4665712091520127
1.0,0.05479183545826394,-1.0,8.001497748046758
0.018499630137703837,0.403923102308859,0.6280171371626313,-0.11737905375130303
-0.3928893103621105,-1.0,-0.19712228538027987,3.292251181133859
1.0,-0.23086093410368114,0.011241278753692852,4.602897465886349
1.0,1.0,-0.2980255677299304,17.28230861446864
-0.6010468383238998,-0.6225826508087471,0.2370692611338734,1.3772448749665034
-0.33767471254327464,0.9125404511020427,-0.04055729020445309,2.840049123095206
-1.0,-0.719973855700976,0.6970902724690802,6.86685409689889
0.8481995587313333,0.278111044245676,-0.8338730585022232,3.4161706390154687
-0.10362688680285492,-0.034913050111461175,0.07242111918757277,-0.019903732392210716
0.4554750461872925,-0.4460414628660079,0.22047240903636056,1.5248005003585847
0.6900206001526326,-1.0,-0.33323073195048525,-3.094538486480158
-0.7429594592317479,0.7180614037207622,-0.8700691200657995,-0.22331917484971353
0.262044164095816,0.8832635857905533,-0.5281884259119656,5.131986422794825
0.05397479196546784,-0.3626664627355598,-0.05929202389610699,1.301084613172091
0.7804151398190433,-0.1434612848177068,0.21390945673595518,2.7666080061770155
0.8994644896405404,-0.18396839337740123,-0.2719326400562134,3.128422246608964
-0.5108056867199782,0.9131775760955789,0.5062747150521685,2.9247243476218925
-0.6185535517313516,-0.2569372331113047,-0.513871759858284,1.043767735846371
0.29668114835297477,0.34973477377087714,-0.7560160440027561,0.1253730365524165
-1.0,-1.0,-0.6918783352567659,3.5478803157435244
-0.11705736172135905,0.09742976821876526,-1.0,-3.0587376441727603
-0.5944280420310155,1.0,0.4380001995428222,5.028751391093905
0.8848685275871864,-0.9843060746951142,-0.8231501287323231,-14.200950338428408
-0.806670362794448,-0.10122743909587495,-1.0,4.465376816368384
0.07691439369532782,0.8601849701017921,1.0,9.11898530595015
-0.23342026176069197,-0.41397237488942773,1.0,0.009120574688928185
0.17502158977491544,0.5588521119078493,0.25302905656873365,1.173598214928633
-0.054775514515817525,-1.0,-0.16787231612546782,2.9727510040303424
-0.19854745155340092,1.0,0.9827028011581558,13.81344057376603
-0.3785357589926972,-0.8798987410973946,0.47204740616241425,1.9739976406585937
-1.0,-1.0,0.10343311268902133,8.302060516799667
0.6236985870271397,-0.5411228345267465,0.9581045097574881,-2.03920268908944
0.0099126756420016,-0.549680982000496,-0.6520459984379734,0.9060060178187443
-1.0,-0.4956556031029895,-0.8028964222655812,1.4594810118562696
-0.53851084748912,0.18358570037547772,0.9780256334060562,2.2950565327437698
1.0,-0.4163239504936864,1.0,5.704743583761141
-1.0,0.4037284098360583,1.0,3.849893607169337
-1.0,-0.6769583411388587,0.40288270306321206,2.8320577969236886
-0.7975479855892893,0.6429021780976154,0.11668686034077935,-2.3925949391861203
0.8504179554939268,0.4784298268671745,1.0,12.05036663872625
-0.997723626887735,0.6992378909432078,0.4218817446995007,-2.5319015674689767
-0.5916694446146318,0.3980484978850234,1.0,3.1547497882970967
-0.9368594109104844,-0.9015297334267547,0.21136786942532915,6.804089016372677
0.40702942282285126,0.0906039354200272,0.9755225033874977,-0.07050773553034864
-0.6852367070364302,-0.8165059803420045,0.11808429815203869,3.2454563953738043
-1.0,1.0,0.5792848396217163,1.0600033139039864
-0.11702019600058122,0.7321815651258832,0.5705022110120685,2.4363810005370534
-1.0,1.0,-0.07046839601025146,8.449997025776025
-0.9488345909269036,0.3231967084736711,-1.0,11.754764658426895
-0.1311205318858535,-0.17533013657005614,-0.5422700126827222,0.41308760668855626
-0.8600809857867546,0.7709078172687813,0.1134229984707118,-1.771763015527215
-0.734079061695396,0.3127540929502284,-0.03704500897596685,-2.0127122511392375
-1.0,-0.08020731501525469,-0.038575635107015005,-3.850497503699562
0.47543781250700223,0.2203760448156198,0.9502048126058456,0.5890694198401643
0.7326935741428553,0.6007347559990313,0.362904751081522,3.6585570062027406
-1.0,0.7885947847410886,-0.005053619950429855,1.2908295492720065
-0.6246948663012306,-0.5874091578345222,0.03350433027526223,1.0456077449635703
-0.4244454273207654,-0.980566930432798,0.874426574045194,-0.5155966120608133
-1.0,0.18683866867646692,0.8185922947417403,-3.11046593065121
-0.562908406769236,1.0,0.10844271983203968,5.0376365425868475
0.6409824961851986,0.02575689638002321,0.6197233704107064,1.801550525337809
-0.18086009802300107,0.2301695730585096,-0.49797702152854506,0.8160609097063224
1.0,-0.2701776105994458,0.4920036205935081,5.469320794929211
0.08570115814044699,1.0,0.6139148236648202,8.357352020456657
-0.7163790464424129,0.10795705146822554,0.04188534322134463,-1.4696192936846815
0.10142482234560579,1.0,0.5207148290416665,7.966235421221205
-0.07920686420910417,-0.8406648294453671,-0.47860100562627483,1.1266247392149218
-0.3113463598355115,0.7440076674345542,0.46143738678266133,1.545894693935085
-0.022815248760738926,-0.47733834884708903,0.3700639394788032,-0.059485531476810904
-1.0,0.8443275738220573,0.5269281322408967,-2.5464907911912578
-1.0,-0.5133077019364505,1.0,9.279267447818816
0.35189771206569476,0.8774713630625854,0.10359900684617362,4.444190766665585
1.0,1.0,-0.057342334519500104,14.897421190367222
-1.0,0.979939261451517,-0.13187492924506072,7.57092324537329
0.4623246538128132,1.0,-1.0,7.606814359442982
0.6181680000456176,0.4838540534236264,0.9721539109885788,4.0795204212261575
-1.0,-1.0,-1.0,2.925163736073882
-0.9152076827850302,0.6143676247091119,-0.6253197815578111,1.0922479221298864
-1.0,-0.8645185506110473,0.21417545073715538,6.1266317596559405
-0.8340361612340803,-0.6382263551573646,-0.4812943363495341,1.7754489815270207
0.05066710967034016,-0.8432022576039171,-0.5211680988167724,0.4462740618888798
0.9330944576401834,0.5802257855911275,-0.8624929022216445,6.932134598178946
-1.0,1.0,-0.4299189937501533,12.032432961377895
-0.31997813936546793,0.7190650293831635,0.694622027940087,1.826074599543473
-0.21090205965327158,-0.6070611915256086,0.9725801810042363,-0.6707052020411146
-0.31319656354006975,0.7827478565140624,-0.07853778054898664,0.15869696418723828
-0.05667333399727581,-1.0,-1.0,-16.58204814686986
-0.6576339899467711,0.6392467698045865,-0.4663457293634774,-1.8506030331230352
-0.10544710460158346,-0.23353187654870533,-0.6563366114136313,-0.03575740762123336
0.20670683665799872,-1.0,0.36412343173934203,0.9994257525677972
-0.41085894882473206,-1.0,-0.7878074293141779,-4.988266284073687
1.0,0.7637124246413745,0.986514213756841,24.987306594148887
0.38622163681983235,-0.6607477815279545,0.6027289148531658,0.2143231027780194
-1.0,-1.0,-0.10699621455315866,7.260208396168634
0.5744939594691487,1.0,-0.9053953040341063,11.759435960703755
-1.0,-0.7422557828463974,1.0,14.629978450673647
-0.769341983010517,-0.431250973831798,0.8314363779339984,1.767285392520672
0.5326100232473279,0.19262055204227835,0.39546771594264274,2.2852754556461155
-0.7662184116270527,0.6043056977570673,-1.0,1.979278492521968
-0.3814286042555024,-0.7431233673490314,-1.0,-6.370079210648256
-0.9292757842961736,-0.4637311570519407,1.0,7.15641141537469
0.34916405608385515,-0.2285551227608944,-0.5724947303358672,1.7724995445958318
0.8582069047529994,-0.5549116479715637,-0.35882150927397416,1.6394751223473591
-0.5659425275620424,0.025826271993484085,0.36543265316876794,-0.5688445877480213
-0.040100433256930135,1.0,0.38124804319605365,7.713593713248684
-0.09044439614495237,1.0,0.42422480217458225,8.388882624858544
1.0,1.0,0.6101593970819834,15.055607950136968
0.9518273466416667,0.24627221908903074,-0.5049561945761825,4.454258121359974
0.5851903788311767,-0.2767566107532693,0.7938617076917853,0.38575306785901625
0.065955405435137,0.40639282037793567,0.3650822247787384,-0.7795375279520284
0.14381412217667977,0.5802011018927997,-0.3268904273253781,1.598767205553001
1.0,-0.47748181781275356,-0.9388901100849589,4.371560870617768
-0.06589018221889265,0.11512534345744885,-0.7497742184485297,0.711451862055185
-0.07600951173183579,1.0,1.0,13.300224126378765
0.702601741368396,-0.5963173313178687,-0.2571212863696648,1.5020349010883103
-1.0,-0.6231040506381391,0.7893872944679161,6.528764516586499
-0.3144976771552226,0.7999514801237015,-0.7190398239334452,0.03375957002243793
0.3100327093055577,0.21807567050169507,0.18744379038562498,1.177074458659692
0.5950343993299401,0.3614674136304916,-0.9488264233310348,-1.111796522979719
-0.11201836283556088,-0.08772277814825746,-0.8252321556195057,-0.5223357985956939
0.9545363478734434,1.0,0.30935373234122854,11.901042795659139
-0.32019584637345133,-0.16556931223090787,1.0,1.075534505807497
0.01580135838834895,0.2713880651761984,-1.0,-3.6235394676925545
-1.0,-0.08888354399678233,0.07809159233175489,-5.047744561352531
0.6613376764247199,0.520687625340919,0.3574615739515923,1.6261793724327824
0.7897088927847671,0.012536746345226835,-1.0,0.12188644197536727
0.6977654834332483,-0.7577355572123186,0.9587556817959075,-3.141230907555844
0.2822633683072282,1.0,-0.1136656758457506,8.440743604796761
1.0,0.8531395595953015,-0.3968024884874497,9.99930834523482
1.0,-0.2615638244464433,-0.40436546668964923,4.401801789667378
0.22308523170601013,-0.11012507513517122,-0.5949546067024911,0.7989607119907215
-1.0,-0.32472043378078763,-0.08932989064366859,-3.4135775507012833
0.7625688968685549,-1.0,-0.5859086513497882,-7.1137194442581935
-0.28685457696547867,-0.9128093387291152,1.0,-2.538751025475873
1.0,-0.23107737746367119,-0.9952319594367516,6.151248551261305
0.397492212580248,-0.4280324581162065,-0.02386970708633407,1.284467065848204
1.0,1.0,-0.43919310908489373,19.116268984744202
-1.0,0.9577794048021637,-1.0,21.45896689358054
1.0,1.0,0.732125420999026,17.311194407253787
0.48585779419163644,1.0,-0.21667328202477432,9.527249849739334
0.9552160591938899,0.471631177633524,0.5521860394658626,8.25959782462948
0.7055229240970398,-0.8657532432565451,-0.3370580250217281,-0.06259675576253458
-0.022786920527699817,0.848840058140462,-0.3506251042905375,2.898795095981473
0.7373230303400766,0.792420380751687,-0.22007192137189446,3.766136096706318
-0.8395940653636134,0.6729291320696982,-0.6009344627475885,-0.044052082304561146
-0.4659918922021231,-0.5914034739168728,-0.0068135172160579405,0.9357565678835083
0.09740801183097259,-1.0,-1.0,-18.268005730667166
0.62291866600132,-0.6235311876605041,0.046151128892615745,0.737371524449824
0.2770180006803482,0.4288158368916073,1.0,2.097142239787326
0.4959732976909168,1.0,-0.10987007981700625,8.985870648621493
-0.20012157082432402,0.24176448747033574,-0.7011871281028681,-0.4011909574435608
1.0,-0.5950430142164815,-0.40894263090817695,4.012871175741281
0.5306476541930738,-0.03815344517905217,-0.4259855061458644,1.2934295508837446
0.20840759528473285,0.26477858252285746,0.9560895416228292,0.4363697155889798
0.7328750764996732,-0.5450404213626909,0.29624270760403637,2.1288757584638773
0.1475713235011853,-0.6982020386840706,-0.1376833811477438,1.6773318022103125
1.0,-0.4779830731822814,-1.0,1.7832817365995537
0.26030215458951567,-0.15904833826927245,-0.9218005685043513,-1.5431003696968257
1.0,-1.0,-1.0,-29.782678559724314
-0.519802219813275,0.6461734380945108,1.0,6.807867170506616
1.0,-0.5756725842745032,-1.0,0.39915307462934585
-0.7529947885925543,0.5522993667282483,0.37455850435855753,-2.470339950973881
-0.30953735370817426,0.40200744710912706,0.3561889140935428,-1.154119957740551
-0.09441765082235287,-0.8049504430977816,0.7947729179784193,-0.8809406528038026
-0.12292624246927586,0.4946236746979795,1.0,4.261044780009663
-0.15895845018876065,0.32161671472723685,1.0,3.294460091084563
-0.7162070257644764,1.0,0.2032622034089866,4.588114753673187
0.07169332992541455,-1.0,0.6624960131577151,-0.08828810943709364
0.5566278508830922,-0.44691598273526956,0.42636727149849096,1.4384041376105958
0.8909243181983049,1.0,0.7450640937719628,12.474883484429244
-1.0,-0.5805068147461885,-0.28402651868363527,-0.6682664432731132
0.46219448412197406,0.9396411967821634,-1.0,3.1216762374040865
-1.0,0.9278950312244858,1.0,15.229981849967643
0.06521509056575137,0.005434541948728944,0.8112187105320703,0.48641164758608746
1.0,-0.7685409530239635,-0.08353566981097282,1.4517736404411148
1.0,0.020521202785289017,0.9322990187557374,10.878488072096443
-0.12755362982447616,-1.0,0.8085022982782848,-1.8676943019392813
0.6662477188211455,-0.825597981701836,1.0,-4.5178714156456
-0.4336560908044451,0.1765203741127952,0.74431933961393,0.5560879683108382
-1.0,0.24574488081572254,0.7503683652852768,-3.3007465933831397
0.19793189943736245,0.8777562252587097,0.25618357941251135,2.754597287990924
-1.0,0.841878135807542,0.012969596232058622,1.9150197757002445
0.8689662059746099,-0.3459150298246241,-0.02283922334064381,2.4446349840884074
-1.0,-0.6508398726085691,0.40510753987151316,2.6261623722067697
0.47701307648674085,-0.4274403189206133,0.8406645943056859,-0.8344736409234834
-1.0,-0.027328519594713274,0.2654835601870731,-4.949535376276198
1.0,-0.7682954656574454,1.0,0.7905387428434357
0.2375738962687448,-0.8273978984018444,0.9996513697791469,-3.993451332418847
1.0,-0.5142650195152945,1.0,4.596640631236601
-1.0,-0.1814047109429231,0.023970057231200714,-4.334964683073057
0.40126561317337184,-0.8673467905793071,-1.0,-13.903835912545674
-0.434946753774236,-1.0,0.11445223772911683,4.00514995656507
-0.008315916095647857,-0.06037411156788952,0.20845203870636397,0.7419557129511566
-0.33918803644922924,0.015217256841075333,1.0,1.22084421517373
-0.7178594644171405,-0.9409957660260044,0.11656404547329524,4.848688752756043
-0.17270998439270313,-1.0,0.8713428964656318,-2.4601650160224997
1.0,-1.0,1.0,-9.653232480546142
-0.05310065401695274,-0.14419958855163073,-0.18060374484204544,1.3265610124705063
-0.7330775578984352,-0.20489282021719268,-0.963267992267199,2.241238679309625
-0.34948846501391073,0.9857334795281312,0.030215975797586836,5.374620455188956
-0.06706660275103782,-0.06438951657429848,-0.9844837107249456,-3.5234111261664336
0.7022901151715162,1.0,0.3487658315727151,7.812700036983733
-0.4853791099051048,1.0,-0.8558583651869642,3.471603929185474
-0.01294848530896986,-0.3371150281043729,0.657685705746573,0.9117871585430872
-0.7713842288508641,-0.6537849570595673,0.5875046243043065,2.221134856600054
-0.022960434490280734,-0.9776851932900168,0.20882367941155588,1.9424578893439888
-1.0,0.7486330829263206,-0.8173237472030179,10.142587737009734
0.9268651881115573,0.2990822843822827,1.0,14.017820388213774
-1.0,-1.0,-0.5130006554318467,4.384469431418631
-0.8980776444005134,-1.0,0.49098974389372896,8.692291582202163
-0.8266211094692189,0.8131695244801962,0.894975429074155,4.523893928166406
0.986442935136616,0.14025241582401704,-0.32887054386190284,3.854216890838164
1.0,-0.3185446936228935,-1.0,5.452499885187655
0.810426485452747,0.044598910629629396,0.008508086979222007,3.1963233089082226
-0.2321748712945073,0.8733334196344014,-0.23027044813916753,2.009262619940511
0.5004505237055805,0.19721394295666528,-0.4280785306202257,0.8200467026220163
-0.3447743699082162,0.4803061270944313,-0.472641310521021,-0.751761637766778
0.6497417601056117,-0.7723573435363689,-0.39725879279403187,0.6538007023190681
-1.0,0.12554450445488285,0.3200865915778801,-5.077978851942497
-0.2865908850010488,0.4775268487333768,0.403036962609038,-0.303787197402305
-0.0785192253776883,0.990478523986768,1.0,12.645368174454802
0.5067963534958837,-1.0,0.42189471158526803,-0.4992835391587658
-1.0,0.7575011265838552,-0.1487349712994226,1.212402852001039
0.2604856827493871,0.8994246151097558,0.11684916365289699,4.095865279998773
0.8947329580083545,-0.6491981408033225,0.6041459989905842,1.6769424379066065
0.8455246468393254,-0.21629233125321945,-0.11622341323041518,2.5126012931916275
0.2819804319680499,0.5929387889471653,0.3097946836539123,0.5841674638816747
0.6142331536151118,0.6891963273345212,0.2742007996770053,1.8395590933876815
0.9899828563019926,0.21472851267631032,0.888130508184579,12.409637949262358
-0.4729396420147929,-0.09144305085922899,-0.049626429291885765,-0.13077129663910345
0.2781651123241875,-0.6991502242588017,-0.27991975756659326,1.1982286047388466
-1.0,0.9138741455507804,0.8018624373791501,1.744258775793449
-0.6865599500923865,0.6918607359376867,0.05384437828161226,-2.3432274626825587
0.2896082813219576,0.13689845543103973,0.344767645831749,1.3221679900502092
-1.0,-0.906476137470728,-0.39339869747730205,4.522222102100561
0.4415412193346566,0.011361820970093861,-1.0,-3.2608187369243478
0.46631147755734004,0.035365977443582386,-0.5708680887926665,0.5330758260920446
-0.9892237768060157,-0.2638810134559586,0.14596101039211828,-2.458816539275399
-0.40085515888172174,-1.0,1.0,-4.100057993509945
-0.7922768281346635,0.05869018620125499,-1.0,5.177949730768591
0.6192766853007976,-0.5185205906354553,-1.0,-6.81342048980684
-0.9759084199587695,-1.0,-0.8421954439345849,2.6507291244699087
0.1450687286841692,-0.2993249945617644,-0.034342948672074325,0.23950236323428487
-1.0,-0.7704647580220652,1.0,15.485436878773132
0.03473266227239846,0.4556708700348717,0.2916797693114377,0.5916242004448857
0.34387873901278954,0.7676915656199801,-0.4673802318495355,2.778776282285429
1.0,0.6464172281035994,0.8270291675331121,16.30653132350732
-0.504589291826572,-0.5258168824359626,-0.23112888843588664,1.0113354953654767
1.0,-0.11253757373885431,-0.8607743062657331,7.279541250124733
-1.0,1.0,0.06516344859505696,6.312787322154141
-0.9525608811427684,0.04797524475576043,0.7860634161201991,-1.0084468192073355
1.0,-1.0,0.35123918202868953,-7.203009513307694
-0.25245506192752654,-0.6745584078450451,-0.27480118001395715,1.986092259879953
-0.5394534324150846,-0.4113520571079343,-0.21657848222101306,0.32118915889063
0.18759684398499465,0.47844958275958516,-0.5519793711570746,0.5862290072953249
-0.5817134092292413,-0.14167380275719466,0.67829369822429,-0.2735608231094293
0.4933866410155332,0.7471292937759944,0.16450248710878568,2.496537110368295
-0.05792261680926414,-0.5777703783303938,-1.0,-6.878436589523219
-0.4786989749339954,1.0,-0.2969807838496019,5.795858125863404
-0.6661060440030433,0.7848102658798837,1.0,9.353934237763674
1.0,-1.0,-0.9395977102213504,-24.031847230962217
-0.99607386183869,0.7398049752612244,0.2644968532755221,-1.1409362445043725
-0.27156655214803127,-1.0,0.047437338081300684,3.1731358820037174
1.0,0.016296113168740467,0.5315464017412372,7.299323738035419
0.4602267604282553,1.0,-0.9820365936321676,7.686142233732334
-1.0,-0.2807332137137857,0.22335769759958346,-2.3704497386226824
-1.0,1.0,-0.0762142085573525,9.211744399099825
-0.959222362826889,-1.0,-1.0,1.9241835182281022
-0.9239004593546896,-0.6015324629720926,-0.6498049071843868,1.8801249072514419
0.3065398355231501,1.0,-1.0,6.001453485196905
-1.0,0.38190054781762006,0.3144497981426835,-5.199489335067589
-0.23911314059000888,-1.0,0.3166803243201688,2.0069503491671608
0.9213942782403586,0.10810112920616732,-1.0,5.056146761223414
-0.16892792913783738,1.0,1.0,13.451351919530904
-0.11439434249565839,1.0,-0.34303570947901574,8.56536212302836
0.7983188438467659,-0.9613692586359204,0.004842391342662067,-2.6483631932900704
-0.5642020420779394,-0.9030464390116808,1.0,0.583990865042786
0.27155025331620797,-1.0,-0.9648896198195627,-16.78761335217572
-0.6145193713545867,-0.2860437161906413,-0.5835410114740278,0.5573330947326122
0.8929639792541837,1.0,0.2917949473455703,9.55572464907024
-0.06219524130877607,-0.7041623236684134,-0.8367560811443799,-2.885201720322887
-0.8111321898957118,0.41562530251013285,1.0,3.669489653689549
0.15198320340171678,1.0,0.70318463236167,8.728124848209541
-0.5392879722773425,0.7530885163520469,0.5578922520301535,0.15362481651702312
1.0,-0.6685085421504564,0.19643987646028394,2.801226523155331
-0.39703703972381343,0.48612889929269,-1.0,-2.870267155903434
-0.44148681039445425,0.42562842392025857,1.0,3.463264722544686
-0.7713353803177139,-0.6853091044135997,-0.28977525019275796,2.6490195340981733
-1.0,0.7758101933028325,-1.0,19.52688655726225
-1.0,0.6582689019413002,0.3678664743777049,-3.7131096294362496
-1.0,-0.17272582557309724,-1.0,8.826420880725701
-0.9380323204211163,-0.016409965174876362,-1.0,8.427681266780834
-0.10158041091076808,0.337238354013506,-0.44821892471846714,-0.23484767032153536
-0.9874413523035248,-1.0,-0.7363583732500061,3.1732837340670814
-0.6782291522146962,1.0,0.8740686555481592,9.480282215557244
0.6371175189973923,1.0,-0.20128969238408678,9.575441781447182
-0.11793238066793554,-0.07137667584606477,-1.0,-3.21218922470799
-0.08460937830336879,1.0,-1.0,2.7209084814414126
0.20612918421915083,-0.02794946095655293,-0.6885669735377118,1.4027696927409044
-0.6591784969826182,1.0,0.6775212915856572,5.80828708960907
-0.47781420226118954,0.4768320734901048,-0.3803631467885602,-0.15050606446707193
0.7481891785610766,-0.03431964693761591,0.0007519971057459163,1.3581312717395693
0.8306347132639884,1.0,-0.501371452936233,13.405540138014935
1.0,-0.5530212121723033,0.4282157284080572,4.08293827359885
1.0,0.10253147220930003,-0.7659474753887838,7.221800125213658
0.41522133334953026,-0.8420886108473224,1.0,-5.19175733268983
0.8446470261294174,0.8691769227625852,0.5826788098078073,7.8344455119689345
-1.0,-0.46970463565628395,-1.0,5.96359281651317
1.0,1.0,-0.06037609468071947,14.416636048177947
0.0749033144752651,0.1022508338658179,-0.46794332349760337,0.45394016593271097
0.21784727622089872,-0.6043437237782998,0.7198625291477037,0.24803229569503954
-0.7195320970441177,-0.9922737938671184,-1.0,-6.711086852972988
0.8758166369714004,0.2527880707938095,-0.10538880613458046,2.815941238994771
-0.24305671499449333,0.894930746942693,-0.09175112777388472,2.507251372525868
0.40602742476949527,0.8623333332648802,-0.5383159176048165,4.552706475002785
0.9023954830472996,-0.3772993103435023,1.0,2.17444504418967
-0.9431751238167119,-0.8396524434703077,1.0,14.502126473767932
-1.0,-1.0,-1.0,3.611229243201083
-0.4102221077425676,0.46416975806311966,-0.32576162857929547,-1.4591002243023785
0.3470894896143515,1.0,-0.926752647769574,8.027074299478715
0.43530786487027795,-0.3597816490102266,-1.0,-5.045977086120206
0.6513900203144598,-0.9647326945585939,-0.14455873244786965,-1.432205904177358
0.5306672252887021,-0.3041842849927361,1.0,-2.3395350631727863
-1.0,0.45446586209874607,0.5165655572073229,-4.514089651342492
1.0,-0.6289014401909687,1.0,3.2474704048557594
-0.7772816303516581,-0.3437001804298745,0.5101630730049449,-0.0565704130245446
0.8622277768853066,-0.016496124492225483,0.6365660771953523,3.9032869296867903
0.00940302040430252,-0.12686564011839496,-0.8475382720137488,-0.5531034111927342
0.4887500308968755,-0.12620874799166848,-0.337127120660049,1.6875863734252456
-0.3370107885527094,0.7194779394190665,0.8094138527730381,3.276452498140247
0.19307080612909822,1.0,-0.261745130407113,8.729180690547341
-0.5006806430650468,-0.171707074342756,-0.3972148739073962,1.216881910237062
0.531570045160751,-0.49619445873524404,1.0,-4.219758494715618
1.0,0.9481951006725216,0.6048243354578045,14.267966525887088
-1.0,1.0,-1.0,22.562957740308356
0.7841182182214785,-1.0,1.0,-7.061188545076519
-0.38517778042429973,-1.0,0.20653040633482544,3.4451918332227414
0.014649125330264745,0.7861493607839722,-0.6904258018366574,1.2197634384843425
1.0,-0.28560109565677716,-0.99371563934745,4.580577516256707
0.09491007428797738,-0.8277267629143905,-0.1793945101057952,2.5593563007428046
1.0,-0.8795466575304292,0.4954232627553192,-0.6798687541605628
0.7887524626754097,-1.0,-0.8878090918590598,-17.928111566743937
1.0,1.0,0.7776844795905564,18.295375416209893
0.2885502860079099,0.12806621804595286,0.04980851475283621,0.6339682320777967
-0.579006382382165,-0.5042943710283623,0.25720464769803475,1.2024971109072797
0.13482902301954436,-0.1541551782863424,-1.0,-3.7002216912621244
0.2592481335951826,1.0,0.3178026842116568,7.406942893410972
0.3037340327642504,-0.5370536190809372,0.5115468141932609,0.6336992320697061
1.0,-0.01495519032501269,-0.4992522667823016,4.644665719359441
0.943499850119567,0.11813860148354505,1.0,10.877989327510251
0.4678562951750158,-0.7337283872327784,0.12199109634561545,1.5618715311928866
-0.10815470936050331,0.9137796110571426,0.17553480232014373,3.8729624337702173
0.9520138051523199,1.0,0.4257244408601486,11.595213993381554
0.10070841068849168,0.32379812215427206,0.6775157611015707,0.10343010704414118
-1.0,-0.6544627639906622,-0.7732000506625154,1.249875201257983
-1.0,-0.5132720168231888,-0.5726561415586411,0.15344938297944183
0.815446581185256,-0.7615151386357952,-0.028180818171235966,0.13841134183194548
0.49727063413321315,0.8884678928790068,-0.3428774198609743,4.836933957746095
0.2845866070833718,0.2728971419018684,0.7229042954049247,0.8643554973923442
0.37366514939150774,0.8002975015646239,0.47157252171765696,2.7610540702062067
-1.0,0.6843449852301462,-0.8757418557263672,11.72361523188377
-1.0,1.0,1.0,17.303122554008866
-0.5454672368239744,0.09082558958136833,-0.395941884731162,-1.3684001264202665
-0.5708315517549452,-1.0,-0.8701044517027456,-6.146460841471634
-0.1698187291053488,-1.0,-0.06402965029428254,2.378713517648802
1.0,0.43216022821041844,-0.5015854035596383,5.019786873159059
-0.5739663921227436,1.0,0.1871176962934913,4.4496868556173395
0.06523942975160835,-0.4301737189391641,1.0,-2.3093791943877324
0.851101304836462,-0.7365169116276085,-0.8556193770309344,-2.614099215810377
-1.0,0.3278826276278042,-0.9261094735284605,10.2180768366097
1.0,-0.8977117600589655,1.0,-4.250570189210416
-0.4084126482588266,0.6594935743480907,1.0,6.41599120518023
0.28007707297159645,0.913440342100565,0.23677717519909502,4.618034667465065
-0.7415870471651089,-1.0,-1.0,-5.878131786660727
0.35068909459923514,0.2812268294816538,-0.25464624811527914,0.8904655407686355
0.4898109619034152,1.0,0.3075318858069327,6.890191766305652
0.04477968232578533,-0.8721522500693171,0.5214023131069156,0.6560619360218205
-1.0,-0.11981747878445681,-0.843416114648976,3.094449270150409
0.7206867635182534,0.056526222183953756,0.7841686366732845,2.568018650300247
0.12342833142515874,-0.1961238605970974,0.5146042630811858,-0.25210483813987616
0.037093079907361215,-0.46401851248199133,1.0,-1.5660078919826979
0.6643256141680447,0.03195154394711186,-0.7947853815389971,2.1824345061037453
0.42874012869327127,0.7482188738741873,-0.8925831732787595,0.3325764431096552
0.5164866791754006,-0.18561753839064843,1.0,-1.0218733357509489
0.5681046277716171,0.17617107599063098,-0.9371287004163187,-0.6471595214856151
-0.5261259053536731,0.28435278893024973,-0.18244916436240666,-1.1971864055573722
-1.0,-0.6755559813603809,-0.02257700782316352,1.3116539845502961
0.9163318029156142,-1.0,0.25651958085160587,-5.524980156594017
0.9145296449683071,-1.0,-0.08620751044062192,-6.054491843668827
0.03704922177633918,-1.0,-0.8090562692308414,-6.755708347723145
-1.0,0.0444341025708499,0.5146649098108178,-3.581370735815391
1.0,-0.9089298030158508,-1.0,-16.59138545925279
0.1862692046448613,-0.19421868442637358,0.25833577008452835,0.9618147511996679
-0.20749642323816997,1.0,0.7428937795040713,10.28831937048995
1.0,-0.2853911623835219,-1.0,4.854281687052887
-0.10408760135777162,0.04126380884383818,-0.24063225663901955,0.43132878426853416
0.7270851241216387,-0.17543915365490292,-0.985938276646241,-1.4792671513912135
0.46634891796749356,0.6123574467198223,0.4511042177084965,1.9262610343949387
1.0,1.0,-0.3661363479224644,17.591110853370736
-0.6975057037146724,-1.0,-0.589602558890276,1.727211706603916
0.28764310516627045,0.94203666719607,-1.0,1.2608379220086319
1.0,-0.6286995373942841,0.993278309395214,3.8045158976898543
-0.4598119018276221,-1.0,1.0,-3.9687715548382996
1.0,0.8515056751524734,-0.7296534638142496,14.578674643597635
-0.9733791532514557,0.10711342992161943,0.043978883196541085,-4.189935491271657
-0.7146081533670978,-0.7668659763663923,-0.051018205770313685,3.0645639528607935
1.0,1.0,1.0,25.819729659010303
1.0,1.0,0.6868953453311828,16.374886982763446
1.0,0.2955131271965026,0.4616788351754686,8.348259391941735
-0.4569637144425762,0.030152716641075328,0.5483437540674998,0.06341148232304661
1.0,0.1091231030963431,1.0,14.906581151758944
-0.8188454364927087,-0.6025568181443333,0.23579424854225395,1.8366441222535081
0.39074459932502936,1.0,1.0,9.560592990180913
-0.11967545758115716,-0.47597328223246715,0.7416560468682141,-0.7529086575646725
0.10633097785787182,-1.0,-0.3408385066543238,0.7977763053464039
-0.18815052207660177,0.4607632923688574,0.9145025555352866,2.192609053635224
1.0,-1.0,-0.3509277317116708,-9.760243718986235
-0.10449224805573909,0.9195079030048707,0.22658123105285655,3.9424125671904195
-0.20269540111902806,-1.0,0.4147265894478056,1.726613360987454
-1.0,-0.6975891393354683,0.0025194476467758076,1.0176172708699454
0.7260581639960042,-1.0,-1.0,-26.327388097746557
-0.07304006617449232,-1.0,-1.0,-16.81889161700067
-1.0,-0.6485766941696671,-0.6581919234892193,1.7991485409505121
-0.019965417589126844,0.3987365554190141,-0.33609194742201187,0.2112554896151403
-1.0,-0.5588632259604731,0.08292224903792556,0.3391919808823797
-0.59076500293053,0.032849115933266004,-0.6553820531047365,-0.019627941490752393
-0.09208138315536885,-0.9860322263534365,1.0,-6.079529962054871
-0.12829447042068431,-0.24487331325793749,1.0,-0.2457715355430357
-0.6419749313653906,0.10617573775733757,0.4817783271096001,-1.7737682157681318
-0.35146600370711556,-0.4155582473658501,0.2345289586869872,0.5933201275271686
0.1697679077548211,-0.17580342211827737,-0.16515464318876805,1.299543453618793
-0.34697625272783705,1.0,-0.40895446526224344,7.147276447081043
-1.0,1.0,-1.0,22.184754660040245
-1.0,-0.48200329900518635,1.0,8.170357253438356
0.4440462284887814,0.18551879689669826,-0.7304629881487159,0.7925492235736238
0.2107982785100253,-0.8802769632176362,-1.0,-13.321239689467562
0.6963242182816585,0.5834748607386102,-0.14975283585422727,2.0640669210828166
0.9334916236291257,0.08768630282357792,-0.012454098215492149,3.563551901621438
-0.7368772034211928,-1.0,-0.06687181863205227,5.518769020035833
0.6808844070723228,-0.7880842802111712,-1.0,-12.29258531422726
-0.3397864035603344,1.0,-0.8451031745206337,4.997068733658527
0.06182347102146091,-0.3581263833018635,-0.1658645698159278,1.3630791148697785
-0.5246307741323377,0.8346086718301924,0.22118685882878908,-0.025981161498461025
0.6734298524155797,-0.6008929470931528,1.0,-3.1704693321068915
-0.4146201335940656,0.3485394212947013,-0.6446120594266356,-1.1264777176519105
-1.0,-0.2858295023556796,-0.0028694852367161516,-3.1521817394380403
0.2173291703646234,-0.5389950816903302,-1.0,-6.262304772959887
-0.7013565987679262,-0.19068337927522294,-1.0,2.370903408984293
-0.21313547638058794,-0.6924072761731943,0.292214760910678,0.7550929452139987
0.46385832509064895,-0.6878234383488921,-0.0713476812599898,1.8917143972820494
-0.548450150077963,1.0,-1.0,0.7549195338095676
0.14911976512380498,0.27801221598849346,0.3561796996050224,1.5193206445093703
-0.5733341069697637,-0.5475274500041194,-0.2761566428427369,1.1818667219303645
0.23777596703085435,-0.3474533925222629,0.2246440788627524,0.8175785289923283
1.0,-0.08381491750692582,1.0,10.462774386242796
0.3880203019629198,0.40286332116813384,-1.0,-3.048320234775647
-0.22807682633300086,-0.9252221526625035,-1.0,-12.13536453526688
0.5931557047758962,0.5395109926537518,1.0,4.884136291087106
0.4841486368385337,-1.0,-1.0,-21.93297005867686
0.003868227993819362,-1.0,0.7270573781394969,-0.8381219860927807
-0.6658933468162378,0.3819659368359032,-0.6393055008643262,-1.2726946788800952
0.6771445857581633,1.0,-0.42582226017683467,10.955679362280613
-0.5580738635906175,-1.0,0.570045058018372,3.1872873648865157
-0.08917593787113032,-0.9090307856828101,-0.9761737971291227,-11.857860650397896
0.3834296743206522,0.37710069622169895,-0.08123910679409141,1.020197669218895
-0.8147394176001395,-0.15765559874026458,0.8375288952407829,-0.33080674034727986
-0.9493783567327299,0.9827163169996889,1.0,16.01058377579013
-1.0,-0.8108441494122935,0.22924743714940243,4.6883791078163
-0.23933059801240697,0.1677787537470643,-0.013010544474011176,-0.002750722255959584
-0.029329657616915306,-0.11614424842146742,0.012033035594253505,0.5549301664188734
0.5133723629926525,-0.6628082186225117,0.8234916080480936,-0.9519955849994779
0.45079675312820977,0.24011173277584374,-0.038170787490955815,0.9842776153413331
0.9448477595923976,1.0,-0.05188933559740705,12.357924343981479
0.40518904979834924,0.05805583297424577,-0.8759304675778021,-0.3504354849757447
-1.0,1.0,-0.12993032323103226,9.221875086048888
-0.019642334495387104,0.1250077197358268,0.47255392881308156,0.34476539966162423
-0.7281690250806616,-1.0,1.0,3.105850979580818
1.0,-0.707330540805329,-0.6045287367724228,4.210420596226846
-1.0,0.11275394726159282,0.0536208355047505,-5.128687305979498
1.0,1.0,0.46059685252593474,12.992452603888749
0.2975596973142238,-0.166463767202361,-1.0,-3.7109395290471916
-0.45136837991422185,-0.5082819496005786,0.9420808270781471,0.9970719597794073
-0.21029413301500144,0.25793410489481383,-0.2107178133247245,-0.2758424230861477
-1.0,-1.0,-0.9735145995699683,2.5116465689111283
0.21937865354268404,-0.1762299053367855,-0.3327427767256037,1.151914631090502
-1.0,0.9256430868889214,1.0,15.419547831691201
-1.0,-0.8049839012676021,-0.17918765625700006,3.66360934085042
0.9681709998863157,1.0,0.642655565598933,14.041114383780936
0.8605107959418004,1.0,0.14042329334636605,9.357700113575026
-1.0,0.6943898105119675,0.5829842603801902,-3.2376489502530115
0.07084078090975154,-0.8076344316190618,-0.04736906100463267,1.189576249511754
1.0,1.0,-0.41534046914125566,18.619012143097436
-0.6854577527990013,0.35991702554236715,1.0,3.196333862096091
0.2227550017334563,-0.2414176461274471,-0.8479381022136798,-0.2527616190079547
-0.25835902215417783,0.627181724668963,0.5117694286910601,-0.008058152455107936
0.5211150849457857,-1.0,0.4106180901838983,-0.2625158645790319
-0.9364211401010214,-1.0,1.0,15.42506959333667
1.0,0.9910001398182682,-0.10545456300713818,14.736866860316354
1.0,-0.5556635060899524,-1.0,1.0966617903895102
0.9676809181015662,-0.5419253118073946,0.3916161308020647,3.6039812743324404
0.3330257429525214,-0.46952901096481026,-0.1155681415906975,0.7988134468174957
0.5542569496514138,0.10694085907238593,0.40878826529744816,2.390633857010081
-0.5861991222725584,0.6222622127777568,-1.0,-2.4750435074650556
1.0,-1.0,0.5246839933149174,-7.172609064383292
-0.013862779396797142,0.8689084816562234,-0.6269219469288294,2.9637826707089814
-0.07027453322102373,1.0,-1.0,3.630362176801295
-0.0889578054151543,-0.3259385044127041,0.4735563863825858,0.36069737487623443
-0.5485748354528572,0.09240774351637193,-0.9347997617596893,-0.966396589043973
-0.1993175726198846,0.9623336787453145,0.3297609913987751,5.985662756700764
1.0,1.0,0.3485216310346546,13.226388330359416
-0.8037756550492574,-0.6704319803994048,0.044369219520052905,2.62840930653812
1.0,-0.8069750799508606,-1.0,-7.5572616490034115
-0.0015138787848720803,0.609554876846051,-0.9738629057100257,-3.1505124093011663
0.300276395081865,-0.33431267822343647,-0.5507979538886263,1.3040823387773266
0.17860123039234965,-0.9599202709415846,0.4379424127560696,0.8570471086860163
-0.4631072586912939,1.0,0.5604927199207779,6.460899342006927
0.4774611335322647,-1.0,-0.4324762116646248,-0.8376456404997934
0.08005932534677629,0.2563015227904393,1.0,0.8175033079666852
-0.41189899500112026,0.646111506946784,-0.17713778891294352,-1.2015834960441287
-0.24721966881391477,0.2649323399239485,0.4779833121148309,-0.8475017355141772
-1.0,1.0,0.25209464619171573,4.3539901560873595
1.0,0.5088892970066348,0.5491356708245265,9.986506117414448
-0.22873216164591215,0.15964340848233904,0.25826625921239543,-0.3495161944793525
-0.1572368285784056,1.0,0.8148674479637728,11.091238687543903
0.6990416848575776,-0.806426363681402,0.20709115640353848,0.309171635410776
-1.0,-0.18669886759280363,-0.7636817499425377,0.6911113408119705
1.0,0.5582506012586359,0.224970273535821,7.309894011538892
0.7460051970263146,0.8837258808050177,-0.3345927046720769,6.165477765080229
-0.1193612685946337,0.7332598841527023,-0.43063216608709465,1.2807386592202954
-1.0,-1.0,0.5351666730395228,12.590977336615348
-0.4404582940059918,-0.5637676833434515,-0.5294065736064018,0.973167539914959
-0.18444143718135142,0.7632610205804156,0.6005209730326286,2.3779615952725948
0.3149668117987594,-0.1188420249713209,-0.0804289181022888,1.5550429938620136
-0.5726234436202646,-0.6257970996708,-0.5547454337518649,0.9665256983870952
-0.4302650170694635,-0.20788481462681174,1.0,-0.1799894737375416
1.0,-1.0,0.43201422958977,-6.749435989136984
-0.8515123373637383,0.6330305229202533,0.09841819793769013,-2.1400633974880336
-0.2800825486824623,0.4888137952640821,-0.69145585190924,-1.5216710300731848
1.0,0.10927590719570013,-0.1700439781741272,4.02386674767784
1.0,-1.0,-1.0,-29.676488990057834
1.0,-0.4043421053257199,1.0,6.72790495967694
-0.881414555693931,-0.7313357557578739,0.12450571838690894,2.9686407324572417
-0.6166353462325567,-0.9888479021310785,0.3177266733740922,4.671485129767054
0.22077076258391393,-1.0,-0.04098292362444944,1.056747671858719
0.013872778677829878,0.28727747863929065,1.0,2.11977922140903
-0.8845227631987658,0.1979824667018235,1.0,2.0993794609680494
0.47080897732959004,0.1552959695369287,-0.059650844043001694,0.9064001036091653
-0.2990515458375498,-0.29077090356179025,0.5628648587973495,-0.15688627327805063
-0.2693895326791027,0.5268956540870084,-0.8398913293445798,-2.7378720835695236
-1.0,1.0,0.4857267243738146,1.6435387660132936
-0.28334629350075,1.0,-0.21067979930782088,7.478280082712172
0.19474437095788621,0.615084398832227,-1.0,-3.8652096471462962
-1.0,0.36456592458196346,-0.8053751676058449,6.500445232592559
-0.11343485561458189,0.8382161057920521,1.0,8.678258839210306
0.42128830153441155,-0.8078512984316801,-0.09945646735964897,1.789011662890293
-0.42667448064349034,-0.20980965373971383,-0.6122118601120714,1.1933111639252714
1.0,0.19154543426509196,-0.02573785322172606,5.2555594982951845
-0.3424732000731836,-0.6040437185420457,1.0,-0.5765141102455136
-0.23317864943277677,-0.1969695442667594,-0.05126820391683262,0.25379824162097453
-1.0,0.4398724487964989,-0.7365430243498634,4.057603610443287
-0.4304803884332855,0.29312900591754865,-0.550447328474923,-0.8110875112898966
